title,url,listing_id,price,location,year,mileage,fuel_type,engine_cc,transmission,last_updated,spec_registered_in,spec_color,spec_assembly,spec_engine_capacity,spec_body_type,spec_last_updated,spec_ad_ref,features,description,seller_info,seller_phone,posted_date,image_urls,image_count,images_downloaded,spec_battery_capacity
Honda Civic Rebirth 2014 Oriel Prosmatec UG for Sale,https://www.pakwheels.com/used-cars/honda-civic-2014-for-sale-in-lahore-11261523,11261523,PKR 36.75lacs,Lahore,2014,"125,000 km",Petrol,1800 cc,Automatic,Updated 1 minute ago,Punjab,Black,Local,1800 cc,Sedan,"Mar 15, 2026",11261523,,,"Member Since Jan 10, 2022",030XXXXXXXX,Added via Phone,https://cache4.pakwheels.com/ad_pictures/1400/honda-civic-oriel-prosmatec-ug-2014-140083738.webp|https://cache1.pakwheels.com/ad_pictures/1400/honda-civic-oriel-prosmatec-ug-2014-140083491.webp|https://cache3.pakwheels.com/ad_pictures/1400/honda-civic-oriel-prosmatec-ug-2014-140083493.webp|https://cache4.pakwheels.com/ad_pictures/1400/honda-civic-oriel-prosmatec-ug-2014-140083494.webp|https://cache2.pakwheels.com/ad_pictures/1400/honda-civic-oriel-prosmatec-ug-2014-140083490.webp|https://cache4.pakwheels.com/ad_pictures/1400/honda-civic-oriel-prosmatec-ug-2014-140083737.webp|https://cache1.pakwheels.com/ad_pictures/1400/honda-civic-oriel-prosmatec-ug-2014-140083740.webp|https://cache3.pakwheels.com/ad_pictures/1400/honda-civic-oriel-prosmatec-ug-2014-140083492.webp|https://cache3.pakwheels.com/ad_pictures/1400/honda-civic-oriel-prosmatec-ug-2014-140083735.webp|https://cache4.pakwheels.com/ad_pictures/1400/honda-civic-oriel-prosmatec-ug-2014-140083736.webp|https://cache2.pakwheels.com/ad_pictures/1400/honda-civic-oriel-prosmatec-ug-2014-140083739.webp|https://cache1.pakwheels.com/ad_pictures/1400/honda-civic-oriel-prosmatec-ug-2014-140083742.webp|https://cache2.pakwheels.com/ad_pictures/1400/honda-civic-oriel-prosmatec-ug-2014-140083741.webp|https://cache2.pakwheels.com/ad_pictures/1400/honda-civic-oriel-prosmatec-ug-2014-140083748.webp|https://cache3.pakwheels.com/ad_pictures/1400/honda-civic-oriel-prosmatec-ug-2014-140083743.webp|https://cache2.pakwheels.com/ad_pictures/1400/honda-civic-oriel-prosmatec-ug-2014-140083749.webp|https://cache4.pakwheels.com/ad_pictures/1400/honda-civic-oriel-prosmatec-ug-2014-140083744.webp|https://cache2.pakwheels.com/ad_pictures/1400/honda-civic-oriel-prosmatec-ug-2014-140083747.webp|https://wsa1.pakwheels.com/assets/pw-inspection-galary-pitch-157dcfce213be997440c2dfc44e3038774a6aca0e9097986b01ca6abc9fd76f2.png,19,19,
Lexus Nx  2016 300H Luxury for Sale,https://www.pakwheels.com/used-cars/lexus-nx-2016-for-sale-in-islamabad-10972978,10972978,PKR 1.89crore,Islamabad,2016,"91,660 km",Hybrid,2500 cc,Automatic,Updated 1 minute ago,Un-Registered,White,Imported,2500 cc,SUV,"Mar 15, 2026",10972978,"Alloy Wheels, Sun Roof, Infotainment System, ABS, Air Bags, Immobilizer Key, Power Locks, Power Mirrors, Cruise Control, Keyless Entry, Power Steering, Air Conditioning",,,034XXXXXXXX,,https://cache3.pakwheels.com/ad_pictures/1354/lexus-nx-300h-2016-135465252.webp|https://cache4.pakwheels.com/ad_pictures/1354/lexus-nx-300h-2016-135465259.webp|https://cache4.pakwheels.com/ad_pictures/1354/lexus-nx-300h-2016-135465260.webp|https://cache4.pakwheels.com/ad_pictures/1354/lexus-nx-300h-2016-135465261.webp|https://cache3.pakwheels.com/ad_pictures/1354/lexus-nx-300h-2016-135465262.webp|https://cache3.pakwheels.com/ad_pictures/1354/lexus-nx-300h-2016-135465263.webp|https://cache2.pakwheels.com/ad_pictures/1354/lexus-nx-300h-2016-135465264.webp|https://cache2.pakwheels.com/ad_pictures/1354/lexus-nx-300h-2016-135465265.webp|https://cache2.pakwheels.com/ad_pictures/1354/lexus-nx-300h-2016-135465266.webp|https://cache1.pakwheels.com/ad_pictures/1354/lexus-nx-300h-2016-135465267.webp|https://cache2.pakwheels.com/ad_pictures/1354/lexus-nx-300h-2016-135465268.webp|https://cache2.pakwheels.com/ad_pictures/1354/lexus-nx-300h-2016-135465269.webp|https://cache4.pakwheels.com/ad_pictures/1354/lexus-nx-300h-2016-135465273.webp|https://cache2.pakwheels.com/ad_pictures/1354/lexus-nx-300h-2016-135465274.webp|https://wsa1.pakwheels.com/assets/pw-inspection-galary-pitch-157dcfce213be997440c2dfc44e3038774a6aca0e9097986b01ca6abc9fd76f2.png,15,15,
Hyundai Sonata  2025 N Line 2.5 Turbo for Sale,https://www.pakwheels.com/used-cars/hyundai-sonata-2025-for-sale-in-islamabad-11152052,11152052,PKR 1.69crore,Islamabad,2025,"17,000 km",Petrol,2500 cc,Automatic,Updated 2 minutes ago,Islamabad,White,Local,2500 cc,Sedan,"Mar 15, 2026",11152052,"Alloy Wheels, Sun Roof, Infotainment System, ABS, Air Bags, Immobilizer Key, Power Locks, Power Mirrors, Cruise Control, Keyless Entry, Power Steering, Air Conditioning",,,033XXXXXXXX,,https://cache2.pakwheels.com/ad_pictures/1383/hyundai-sonata-n-line-2-5-turbo-2025-138342596.webp|https://cache3.pakwheels.com/ad_pictures/1383/hyundai-sonata-n-line-2-5-turbo-2025-138342597.webp|https://cache1.pakwheels.com/ad_pictures/1383/hyundai-sonata-n-line-2-5-turbo-2025-138342598.webp|https://cache3.pakwheels.com/ad_pictures/1383/hyundai-sonata-n-line-2-5-turbo-2025-138342602.webp|https://cache4.pakwheels.com/ad_pictures/1383/hyundai-sonata-n-line-2-5-turbo-2025-138342603.webp|https://cache2.pakwheels.com/ad_pictures/1383/hyundai-sonata-n-line-2-5-turbo-2025-138342604.webp|https://cache3.pakwheels.com/ad_pictures/1383/hyundai-sonata-n-line-2-5-turbo-2025-138342605.webp|https://cache3.pakwheels.com/ad_pictures/1383/hyundai-sonata-n-line-2-5-turbo-2025-138342606.webp|https://cache2.pakwheels.com/ad_pictures/1383/hyundai-sonata-n-line-2-5-turbo-2025-138342607.webp|https://cache4.pakwheels.com/ad_pictures/1383/hyundai-sonata-n-line-2-5-turbo-2025-138342608.webp|https://cache4.pakwheels.com/ad_pictures/1383/hyundai-sonata-n-line-2-5-turbo-2025-138342609.webp|https://cache4.pakwheels.com/ad_pictures/1383/hyundai-sonata-n-line-2-5-turbo-2025-138342610.webp|https://cache3.pakwheels.com/ad_pictures/1383/hyundai-sonata-n-line-2-5-turbo-2025-138342611.webp|https://wsa1.pakwheels.com/assets/pw-inspection-galary-pitch-157dcfce213be997440c2dfc44e3038774a6aca0e9097986b01ca6abc9fd76f2.png,14,14,
Toyota Crown  2014 Athlete S Package for Sale,https://www.pakwheels.com/used-cars/toyota-crown-2014-for-sale-in-islamabad-11152057,11152057,PKR 1.35crore,Islamabad,2014,"115,000 km",Petrol,3500 cc,Automatic,Updated 2 minutes ago,Islamabad,Black,Imported,3500 cc,Sedan,"Mar 15, 2026",11152057,"Alloy Wheels, Infotainment System, ABS, Air Bags, Immobilizer Key, Power Locks, Power Mirrors, Cruise Control, Keyless Entry, Power Steering, Air Conditioning",,,033XXXXXXXX,,https://cache3.pakwheels.com/ad_pictures/1383/toyota-crown-athlete-s-package-2014-138342665.webp|https://cache4.pakwheels.com/ad_pictures/1383/toyota-crown-athlete-s-package-2014-138342666.webp|https://cache1.pakwheels.com/ad_pictures/1383/toyota-crown-athlete-s-package-2014-138342667.webp|https://cache3.pakwheels.com/ad_pictures/1383/toyota-crown-athlete-s-package-2014-138342668.webp|https://cache2.pakwheels.com/ad_pictures/1383/toyota-crown-athlete-s-package-2014-138342669.webp|https://cache1.pakwheels.com/ad_pictures/1383/toyota-crown-athlete-s-package-2014-138342670.webp|https://cache3.pakwheels.com/ad_pictures/1383/toyota-crown-athlete-s-package-2014-138342671.webp|https://cache4.pakwheels.com/ad_pictures/1383/toyota-crown-athlete-s-package-2014-138342672.webp|https://cache1.pakwheels.com/ad_pictures/1383/toyota-crown-athlete-s-package-2014-138342673.webp|https://cache1.pakwheels.com/ad_pictures/1383/toyota-crown-athlete-s-package-2014-138342674.webp|https://cache3.pakwheels.com/ad_pictures/1383/toyota-crown-athlete-s-package-2014-138342675.webp|https://cache1.pakwheels.com/ad_pictures/1383/toyota-crown-athlete-s-package-2014-138342676.webp|https://cache1.pakwheels.com/ad_pictures/1383/toyota-crown-athlete-s-package-2014-138342677.webp|https://wsa1.pakwheels.com/assets/pw-inspection-galary-pitch-157dcfce213be997440c2dfc44e3038774a6aca0e9097986b01ca6abc9fd76f2.png,14,14,
Hyundai Tucson  2020 AWD A/T Ultimate for Sale,https://www.pakwheels.com/used-cars/hyundai-tucson-2020-for-sale-in-islamabad-11261553,11261553,PKR 73lacs,Islamabad,2020,"73,000 km",Petrol,2000 cc,Automatic,Updated 2 minutes ago,Islamabad,Polar White,Local,2000 cc,SUV,"Mar 15, 2026",11261553,"Alloy Wheels, Front Fog Lights, DRLs, Panoramic Sunroof, Infotainment System, Android Auto, Apple CarPlay, Front Speakers, Rear Speakers, Steering Switches, ABS, Air Bags, Traction Control, Parking Sensors, Rear Camera, Immobilizer Key, Power Locks, Power Seats, Power Mirrors, Rear AC Vents, Climate Control, Cruise Control, Push Start, Keyless Entry, Power Steering, Air Conditioning",,"Member Since Nov 30, 2020",032XXXXXXXX,Added via Phone,https://cache1.pakwheels.com/ad_pictures/1400/hyundai-tucson-awd-a-t-ultimate-2020-140084066.webp|https://cache2.pakwheels.com/ad_pictures/1400/hyundai-tucson-awd-a-t-ultimate-2020-140084064.webp|https://cache4.pakwheels.com/ad_pictures/1400/hyundai-tucson-awd-a-t-ultimate-2020-140084063.webp|https://cache2.pakwheels.com/ad_pictures/1400/hyundai-tucson-awd-a-t-ultimate-2020-140084068.webp|https://cache4.pakwheels.com/ad_pictures/1400/hyundai-tucson-awd-a-t-ultimate-2020-140084067.webp|https://cache3.pakwheels.com/ad_pictures/1400/hyundai-tucson-awd-a-t-ultimate-2020-140084065.webp|https://wsa1.pakwheels.com/assets/pw-inspection-galary-pitch-157dcfce213be997440c2dfc44e3038774a6aca0e9097986b01ca6abc9fd76f2.png,7,7,
Toyota Hilux  2023 Revo V Automatic 2.8 for Sale,https://www.pakwheels.com/used-cars/toyota-hilux-2023-for-sale-in-karachi-11261545,11261545,PKR 1.36crore,Karachi,2023,"55,000 km",Diesel,2800 cc,Automatic,Updated 2 minutes ago,Sindh,Super White,Local,2800 cc,Double Cabin,"Mar 15, 2026",11261545,"Alloy Wheels, Front Fog Lights, DRLs, Infotainment System, Android Auto, Apple CarPlay, Front Speakers, Rear Speakers, Steering Switches, ABS, Air Bags, Traction Control, Parking Sensors, Rear Camera, Immobilizer Key, Power Locks, Power Seats, Power Mirrors, Rear AC Vents, Climate Control, Cruise Control, Push Start, Keyless Entry, Power Steering, Air Conditioning",,"Member Since Feb 27, 2017",030XXXXXXXX,Added via Phone,https://cache3.pakwheels.com/ad_pictures/1400/toyota-hilux-revo-v-automatic-2-8-2023-140082999.webp|https://cache1.pakwheels.com/ad_pictures/1400/toyota-hilux-revo-v-automatic-2-8-2023-140083000.webp|https://cache3.pakwheels.com/ad_pictures/1400/toyota-hilux-revo-v-automatic-2-8-2023-140083002.webp|https://cache3.pakwheels.com/ad_pictures/1400/toyota-hilux-revo-v-automatic-2-8-2023-140082997.webp|https://cache1.pakwheels.com/ad_pictures/1400/toyota-hilux-revo-v-automatic-2-8-2023-140082998.webp|https://cache1.pakwheels.com/ad_pictures/1400/toyota-hilux-revo-v-automatic-2-8-2023-140083003.webp|https://cache2.pakwheels.com/ad_pictures/1400/toyota-hilux-revo-v-automatic-2-8-2023-140083004.webp|https://cache1.pakwheels.com/ad_pictures/1400/toyota-hilux-revo-v-automatic-2-8-2023-140083010.webp|https://cache2.pakwheels.com/ad_pictures/1400/toyota-hilux-revo-v-automatic-2-8-2023-140083006.webp|https://cache3.pakwheels.com/ad_pictures/1400/toyota-hilux-revo-v-automatic-2-8-2023-140083008.webp|https://cache4.pakwheels.com/ad_pictures/1400/toyota-hilux-revo-v-automatic-2-8-2023-140083007.webp|https://wsa1.pakwheels.com/assets/pw-inspection-galary-pitch-157dcfce213be997440c2dfc44e3038774a6aca0e9097986b01ca6abc9fd76f2.png,12,12,
Honda Civic  2017 Oriel 1.8 i-VTEC CVT for Sale,https://www.pakwheels.com/used-cars/honda-civic-2017-for-sale-in-islamabad-11255031,11255031,PKR 47.5lacs,Islamabad,2017,"150,000 km",Petrol,1800 cc,Automatic,Updated 3 minutes ago,Islamabad,Black,Local,1800 cc,Sedan,"Mar 15, 2026",11255031,"Alloy Wheels, Front Fog Lights, DRLs, Sun Roof, Infotainment System, Front Speakers, Rear Speakers, Steering Switches, ABS, Air Bags, Traction Control, Rear Camera, Immobilizer Key, Power Locks, Power Mirrors, Rear AC Vents, Climate Control, Cruise Control, Push Start, Keyless Entry, Power Steering, Air Conditioning",,"Member Since Jun 03, 2016",031XXXXXXXX,Added via Phone,https://cache3.pakwheels.com/ad_pictures/1399/honda-civic-oriel-1-8-i-vtec-cvt-2017-139980607.webp|https://cache3.pakwheels.com/ad_pictures/1399/honda-civic-oriel-1-8-i-vtec-cvt-2017-139980608.webp|https://cache4.pakwheels.com/ad_pictures/1399/honda-civic-oriel-1-8-i-vtec-cvt-2017-139980605.webp|https://cache3.pakwheels.com/ad_pictures/1399/honda-civic-oriel-1-8-i-vtec-cvt-2017-139980606.webp|https://wsa1.pakwheels.com/assets/pw-inspection-galary-pitch-157dcfce213be997440c2dfc44e3038774a6aca0e9097986b01ca6abc9fd76f2.png,5,5,
Toyota C-HR  2019 G-LED for Sale,https://www.pakwheels.com/used-cars/toyota-c-hr-2019-for-sale-in-islamabad-11190655,11190655,PKR 80.5lacs,Islamabad,2019,"113,000 km",Hybrid,1800 cc,Automatic,Updated 4 minutes ago,Un-Registered,White Pearl,Imported,1800 cc,Crossover,"Mar 15, 2026",11190655,"Alloy Wheels, Front Fog Lights, DRLs, Infotainment System, Front Speakers, Rear Speakers, Steering Switches, ABS, Air Bags, Traction Control, Tyre Pressure Monitoring System (TPMS), Parking Sensors, Rear Camera, Immobilizer Key, Power Locks, Heated Seats, Power Mirrors, Climate Control, Cruise Control, Push Start, Keyless Entry, Power Steering, Air Conditioning",,"Member Since Feb 23, 2026",033XXXXXXXX,Added via Phone,https://cache4.pakwheels.com/ad_pictures/1390/toyota-c-hr-g-led-2019-139024444.webp|https://cache3.pakwheels.com/ad_pictures/1400/toyota-c-hr-g-led-2019-140053356.webp|https://cache3.pakwheels.com/ad_pictures/1390/toyota-c-hr-g-led-2019-139024442.webp|https://cache4.pakwheels.com/ad_pictures/1389/toyota-c-hr-g-led-2019-138955550.webp|https://cache4.pakwheels.com/ad_pictures/1390/toyota-c-hr-g-led-2019-139024441.webp|https://cache1.pakwheels.com/ad_pictures/1389/toyota-c-hr-g-led-2019-138955552.webp|https://cache1.pakwheels.com/ad_pictures/1389/toyota-c-hr-g-led-2019-138955553.webp|https://cache3.pakwheels.com/ad_pictures/1389/toyota-c-hr-g-led-2019-138955554.webp|https://cache2.pakwheels.com/ad_pictures/1389/toyota-c-hr-g-led-2019-138955551.webp|https://cache1.pakwheels.com/ad_pictures/1389/toyota-c-hr-g-led-2019-138955555.webp|https://cache1.pakwheels.com/ad_pictures/1389/toyota-c-hr-g-led-2019-138955549.webp|https://cache4.pakwheels.com/ad_pictures/1389/toyota-c-hr-g-led-2019-138955556.webp|https://wsa1.pakwheels.com/assets/pw-inspection-galary-pitch-157dcfce213be997440c2dfc44e3038774a6aca0e9097986b01ca6abc9fd76f2.png,13,13,
Daihatsu Mira  2022 Tocot for Sale,https://www.pakwheels.com/used-cars/daihatsu-mira-2022-for-sale-in-lahore-10833561,10833561,PKR 31.85lacs,Lahore,2022,"48,500 km",Petrol,660 cc,Automatic,Updated 6 minutes ago,Un-Registered,Grey,Imported,660 cc,Hatchback,"Mar 15, 2026",10833561,"Alloy Wheels, Infotainment System, Front Speakers, Rear Speakers, ABS, Air Bags, Traction Control, Parking Sensors, Rear Camera, Immobilizer Key, Power Locks, Power Mirrors, Climate Control, Push Start, Keyless Entry, Power Steering, Air Conditioning",,"Member Since Aug 01, 2017",032XXXXXXXX,Added via Phone,https://cache1.pakwheels.com/ad_pictures/1332/daihatsu-mira-l-sa-iii-2022-133246723.webp|https://cache3.pakwheels.com/ad_pictures/1332/daihatsu-mira-l-sa-iii-2022-133246729.webp|https://cache3.pakwheels.com/ad_pictures/1332/daihatsu-mira-l-sa-iii-2022-133246725.webp|https://cache2.pakwheels.com/ad_pictures/1332/daihatsu-mira-l-sa-iii-2022-133246724.webp|https://cache2.pakwheels.com/ad_pictures/1332/daihatsu-mira-l-sa-iii-2022-133246728.webp|https://cache1.pakwheels.com/ad_pictures/1332/daihatsu-mira-l-sa-iii-2022-133246726.webp|https://cache4.pakwheels.com/ad_pictures/1332/daihatsu-mira-l-sa-iii-2022-133246731.webp|https://cache2.pakwheels.com/ad_pictures/1332/daihatsu-mira-l-sa-iii-2022-133246727.webp|https://cache2.pakwheels.com/ad_pictures/1332/daihatsu-mira-l-sa-iii-2022-133246706.webp|https://cache4.pakwheels.com/ad_pictures/1332/daihatsu-mira-l-sa-iii-2022-133246702.webp|https://cache1.pakwheels.com/ad_pictures/1332/daihatsu-mira-l-sa-iii-2022-133246704.webp|https://cache3.pakwheels.com/ad_pictures/1332/daihatsu-mira-l-sa-iii-2022-133246730.webp|https://cache3.pakwheels.com/ad_pictures/1332/daihatsu-mira-l-sa-iii-2022-133246733.webp|https://cache3.pakwheels.com/ad_pictures/1332/daihatsu-mira-l-sa-iii-2022-133246732.webp|https://cache3.pakwheels.com/ad_pictures/1332/daihatsu-mira-l-sa-iii-2022-133246705.webp|https://cache1.pakwheels.com/ad_pictures/1332/daihatsu-mira-l-sa-iii-2022-133246709.webp|https://cache4.pakwheels.com/ad_pictures/1332/daihatsu-mira-l-sa-iii-2022-133246710.webp|https://cache4.pakwheels.com/ad_pictures/1332/daihatsu-mira-l-sa-iii-2022-133246703.webp|https://cache1.pakwheels.com/ad_pictures/1332/daihatsu-mira-l-sa-iii-2022-133246708.webp|https://wsa1.pakwheels.com/assets/pw-inspection-galary-pitch-157dcfce213be997440c2dfc44e3038774a6aca0e9097986b01ca6abc9fd76f2.png,20,20,
Haval H6  2025 HEV for Sale9.8/10,https://www.pakwheels.com/used-cars/haval-h6-2025-for-sale-in-lahore-11246911,11246911,PKR 1.17crore,Lahore,2025,"22,880 km",Hybrid,1500 cc,Automatic,Updated 7 minutes ago,Punjab,Black,Local,1500 cc,SUV,"Mar 15, 2026",11246911,"Alloy Wheels, Front Fog Lights, DRLs, Panoramic Sunroof, Infotainment System, Head Up Display (HUD), Android Auto, Apple CarPlay, Front Speakers, Rear Speakers, Steering Switches, ABS, Air Bags, Traction Control, Tyre Pressure Monitoring System (TPMS), Parking Sensors, Front Camera, Rear Camera, 360 Camera, Immobilizer Key, Power Locks, Power Mirrors, Rear AC Vents, Climate Control, Cruise Control, Push Start, Keyless Entry, Power Steering, Air Conditioning",,,033XXXXXXXX,Added via Phone,https://cache1.pakwheels.com/ad_pictures/1399/haval-h6-hev-2025-139964490.webp|https://cache3.pakwheels.com/ad_pictures/1399/haval-h6-hev-2025-139964491.webp|https://cache1.pakwheels.com/ad_pictures/1399/haval-h6-hev-2025-139964492.webp|https://cache3.pakwheels.com/ad_pictures/1399/haval-h6-hev-2025-139964493.webp|https://cache3.pakwheels.com/ad_pictures/1399/haval-h6-hev-2025-139964494.webp|https://cache3.pakwheels.com/ad_pictures/1399/haval-h6-hev-2025-139964495.webp|https://cache1.pakwheels.com/ad_pictures/1399/haval-h6-hev-2025-139964496.webp|https://cache3.pakwheels.com/ad_pictures/1399/haval-h6-hev-2025-139964497.webp|https://cache4.pakwheels.com/ad_pictures/1399/haval-h6-hev-2025-139964498.webp|https://cache2.pakwheels.com/ad_pictures/1399/haval-h6-hev-2025-139964499.webp|https://cache3.pakwheels.com/ad_pictures/1399/haval-h6-hev-2025-139964500.webp,11,11,
Toyota Raize  2020 Z for Sale,https://www.pakwheels.com/used-cars/toyota-raize-2020-for-sale-in-lahore-11212020,11212020,PKR 56.95lacs,Lahore,2020,"53,000 km",Petrol,1000 cc,Automatic,Updated 7 minutes ago,Un-Registered,Burgundy,Imported,1000 cc,Crossover,"Mar 15, 2026",11212020,"Alloy Wheels, Front Fog Lights, LED Headlights, DRLs, Infotainment System, Android Auto, Front Speakers, Rear Speakers, Steering Switches, ABS, Air Bags, Traction Control, Parking Sensors, Rear Camera, Immobilizer Key, Power Locks, Power Seats, Heated Seats, Power Mirrors, Climate Control, Cruise Control, Push Start, Keyless Entry, Power Steering, Air Conditioning",,,030XXXXXXXX,,https://cache3.pakwheels.com/ad_pictures/1399/toyota-raize-z-5-2020-139910152.webp|https://cache3.pakwheels.com/ad_pictures/1399/toyota-raize-z-5-2020-139910151.webp|https://cache2.pakwheels.com/ad_pictures/1399/toyota-raize-z-5-2020-139910150.webp|https://cache3.pakwheels.com/ad_pictures/1399/toyota-raize-z-5-2020-139910157.webp|https://cache2.pakwheels.com/ad_pictures/1399/toyota-raize-z-5-2020-139910155.webp|https://cache1.pakwheels.com/ad_pictures/1399/toyota-raize-z-5-2020-139910156.webp|https://cache2.pakwheels.com/ad_pictures/1399/toyota-raize-z-5-2020-139910153.webp|https://cache2.pakwheels.com/ad_pictures/1399/toyota-raize-z-5-2020-139910154.webp|https://cache1.pakwheels.com/ad_pictures/1399/toyota-raize-z-5-2020-139910149.webp,9,9,
Suzuki Swift  2026 GLX CVT for Sale,https://www.pakwheels.com/used-cars/suzuki-swift-2026-for-sale-in-karachi-11195443,11195443,PKR 49.8lacs,Karachi,2026,50 km,Petrol,1200 cc,Automatic,Updated 7 minutes ago,Un-Registered,Silky Silver,Local,1200 cc,Hatchback,"Mar 15, 2026",11195443,"Alloy Wheels, Front Fog Lights, LED Headlights, DRLs, Infotainment System, Android Auto, Apple CarPlay, Front Speakers, Rear Speakers, Steering Switches, ABS, Air Bags, Traction Control, Parking Sensors, Rear Camera, Immobilizer Key, Power Locks, Power Mirrors, Climate Control, Cruise Control, Push Start, Keyless Entry, Power Steering, Air Conditioning",,,032XXXXXXXX,,https://cache2.pakwheels.com/ad_pictures/1390/suzuki-swift-glx-cvt-2026-139027044.webp|https://wsa1.pakwheels.com/assets/pw-inspection-galary-pitch-157dcfce213be997440c2dfc44e3038774a6aca0e9097986b01ca6abc9fd76f2.png,2,2,
BYD Atto 3  2025 Advance for Sale,https://www.pakwheels.com/used-cars/byd-atto-3-2025-for-sale-in-faisalabad-11261565,11261565,PKR 87lacs,Faisalabad,2025,"17,000 km",Electric,49.92 kWh,Automatic,Updated 1 minute ago,Punjab,Cosmos Black,Imported,,Crossover,"Mar 15, 2026",11261565,"Alloy Wheels, Front Fog Lights, LED Headlights, DRLs, Panoramic Sunroof, Infotainment System, Android Auto, Apple CarPlay, Front Speakers, Rear Speakers, Steering Switches, ABS, Air Bags, Traction Control, Tyre Pressure Monitoring System (TPMS), Parking Sensors, Front Camera, Rear Camera, 360 Camera, Immobilizer Key, Power Locks, Power Seats, Power Mirrors, Rear AC Vents, Climate Control, Cruise Control, Push Start, Keyless Entry, Power Steering, Air Conditioning",,"Member Since Mar 15, 2026",031XXXXXXXX,Added via Phone,https://cache3.pakwheels.com/ad_pictures/1400/byd-atto-3-advance-2025-140084366.webp|https://cache4.pakwheels.com/ad_pictures/1400/byd-atto-3-advance-2025-140084364.webp|https://cache1.pakwheels.com/ad_pictures/1400/byd-atto-3-advance-2025-140084370.webp|https://cache4.pakwheels.com/ad_pictures/1400/byd-atto-3-advance-2025-140084371.webp|https://cache2.pakwheels.com/ad_pictures/1400/byd-atto-3-advance-2025-140084365.webp|https://cache4.pakwheels.com/ad_pictures/1400/byd-atto-3-advance-2025-140084369.webp|https://cache4.pakwheels.com/ad_pictures/1400/byd-atto-3-advance-2025-140084363.webp|https://cache1.pakwheels.com/ad_pictures/1400/byd-atto-3-advance-2025-140084367.webp|https://cache4.pakwheels.com/ad_pictures/1400/byd-atto-3-advance-2025-140084368.webp|https://cache2.pakwheels.com/ad_pictures/1400/byd-atto-3-advance-2025-140084373.webp|https://cache4.pakwheels.com/ad_pictures/1400/byd-atto-3-advance-2025-140084372.webp|https://cache1.pakwheels.com/ad_pictures/1400/byd-atto-3-advance-2025-140084374.webp,12,12,49.92 kWh
Daihatsu Cast  2022 Sport Turbo SA III for Sale,https://www.pakwheels.com/used-cars/daihatsu-cast-2022-for-sale-in-lahore-11261566,11261566,PKR 34lacs,Lahore,2022,"40,000 km",Petrol,658 cc,Automatic,Updated 1 minute ago,Punjab,White,Imported,658 cc,Hatchback,"Mar 15, 2026",11261566,"Alloy Wheels, Front Fog Lights, DRLs, Infotainment System, Android Auto, Front Speakers, Rear Speakers, Steering Switches, ABS, Air Bags, Traction Control, Tyre Pressure Monitoring System (TPMS), Parking Sensors, Front Camera, Rear Camera, Immobilizer Key, Power Locks, Power Mirrors, Climate Control, Cruise Control, Push Start, Keyless Entry, Power Steering, Air Conditioning",,"Member Since Jan 24, 2023",032XXXXXXXX,Added via Phone,https://cache1.pakwheels.com/ad_pictures/1400/daihatsu-cast-sport-turbo-sa-iii-2022-140084267.webp|https://cache3.pakwheels.com/ad_pictures/1400/daihatsu-cast-sport-turbo-sa-iii-2022-140084269.webp|https://cache2.pakwheels.com/ad_pictures/1400/daihatsu-cast-sport-turbo-sa-iii-2022-140084268.webp|https://wsa1.pakwheels.com/assets/pw-inspection-galary-pitch-157dcfce213be997440c2dfc44e3038774a6aca0e9097986b01ca6abc9fd76f2.png,4,2,
Suzuki Cultus  2015 EURO II for Sale,https://www.pakwheels.com/used-cars/suzuki-cultus-2015-for-sale-in-karachi-11261562,11261562,PKR 15.5lacs,Karachi,2015,"75,000 km",Petrol,1000 cc,Manual,Updated 2 minutes ago,Sindh,Graphite Grey,Local,1000 cc,Hatchback,"Mar 15, 2026",11261562,"Infotainment System, Rear Speakers, Air Conditioning",,"Member Since Mar 15, 2026",031XXXXXXXX,Added via Phone,https://cache4.pakwheels.com/ad_pictures/1400/suzuki-cultus-vxri-euro-ii-2015-140076175.webp|https://cache2.pakwheels.com/ad_pictures/1400/suzuki-cultus-vxri-euro-ii-2015-140076189.webp|https://cache2.pakwheels.com/ad_pictures/1400/suzuki-cultus-vxri-euro-ii-2015-140076199.webp|https://cache1.pakwheels.com/ad_pictures/1400/suzuki-cultus-vxri-euro-ii-2015-140076179.webp|https://cache1.pakwheels.com/ad_pictures/1400/suzuki-cultus-vxri-euro-ii-2015-140076195.webp|https://cache4.pakwheels.com/ad_pictures/1400/suzuki-cultus-vxri-euro-ii-2015-140076183.webp|https://cache3.pakwheels.com/ad_pictures/1400/suzuki-cultus-vxri-euro-ii-2015-140076176.webp|https://cache1.pakwheels.com/ad_pictures/1400/suzuki-cultus-vxri-euro-ii-2015-140076174.webp|https://cache4.pakwheels.com/ad_pictures/1400/suzuki-cultus-vxri-euro-ii-2015-140076201.webp|https://cache2.pakwheels.com/ad_pictures/1400/suzuki-cultus-vxri-euro-ii-2015-140076205.webp|https://cache4.pakwheels.com/ad_pictures/1400/suzuki-cultus-vxri-euro-ii-2015-140076204.webp|https://cache2.pakwheels.com/ad_pictures/1400/suzuki-cultus-vxri-euro-ii-2015-140076206.webp|https://cache3.pakwheels.com/ad_pictures/1400/suzuki-cultus-vxri-euro-ii-2015-140076196.webp|https://cache2.pakwheels.com/ad_pictures/1400/suzuki-cultus-vxri-euro-ii-2015-140076208.webp|https://cache3.pakwheels.com/ad_pictures/1400/suzuki-cultus-vxri-euro-ii-2015-140076209.webp|https://cache2.pakwheels.com/ad_pictures/1400/suzuki-cultus-vxri-euro-ii-2015-140076198.webp|https://cache2.pakwheels.com/ad_pictures/1400/suzuki-cultus-vxri-euro-ii-2015-140076207.webp|https://cache2.pakwheels.com/ad_pictures/1400/suzuki-cultus-vxri-euro-ii-2015-140076210.webp|https://cache1.pakwheels.com/ad_pictures/1400/suzuki-cultus-vxri-euro-ii-2015-140076211.webp|https://cache1.pakwheels.com/ad_pictures/1400/suzuki-cultus-vxri-euro-ii-2015-140076212.webp|https://wsa1.pakwheels.com/assets/pw-inspection-galary-pitch-157dcfce213be997440c2dfc44e3038774a6aca0e9097986b01ca6abc9fd76f2.png,21,20,
Suzuki Alto  2015 TURBO RS for Sale,https://www.pakwheels.com/used-cars/suzuki-alto-2015-for-sale-in-karachi-11261560,11261560,PKR 27.5lacs,Karachi,2015,148 km,Petrol,660 cc,Automatic,Updated 3 minutes ago,Sindh,White,Imported,660 cc,Hatchback,"Mar 15, 2026",11261560,"Alloy Wheels, Front Fog Lights, Infotainment System, Front Speakers, Rear Speakers, Steering Switches, Paddle Shifters, ABS, Air Bags, Traction Control, Rear Camera, Immobilizer Key, Power Locks, Heated Seats, Power Mirrors, Climate Control, Push Start, Keyless Entry, Power Steering, Air Conditioning",,"Member Since Mar 15, 2026",031XXXXXXXX,,https://cache4.pakwheels.com/ad_pictures/1400/suzuki-alto-turbo-rs-2015-140084355.webp|https://cache3.pakwheels.com/ad_pictures/1400/suzuki-alto-turbo-rs-2015-140084356.webp|https://cache3.pakwheels.com/ad_pictures/1400/suzuki-alto-turbo-rs-2015-140084357.webp|https://cache4.pakwheels.com/ad_pictures/1400/suzuki-alto-turbo-rs-2015-140084358.webp|https://cache2.pakwheels.com/ad_pictures/1400/suzuki-alto-turbo-rs-2015-140084359.webp|https://wsa1.pakwheels.com/assets/pw-inspection-galary-pitch-157dcfce213be997440c2dfc44e3038774a6aca0e9097986b01ca6abc9fd76f2.png,6,6,
Suzuki Cultus  2016 Limited Edition for Sale,https://www.pakwheels.com/used-cars/suzuki-cultus-2016-for-sale-in-hyderabad-11261559,11261559,PKR 17.5lacs,Hyderabad,2016,"100,000 km",Petrol,1000 cc,Manual,Updated 3 minutes ago,Karachi,Sand Beige,Local,1000 cc,Hatchback,"Mar 15, 2026",11261559,"Alloy Wheels, Infotainment System, Front Speakers, Power Locks, Air Conditioning",,"Member Since Mar 15, 2026",033XXXXXXXX,,https://cache3.pakwheels.com/ad_pictures/1400/suzuki-cultus-limited-edition-2-2016-140084302.webp|https://cache1.pakwheels.com/ad_pictures/1400/suzuki-cultus-limited-edition-2-2016-140084303.webp|https://cache2.pakwheels.com/ad_pictures/1400/suzuki-cultus-limited-edition-2-2016-140084304.webp|https://cache4.pakwheels.com/ad_pictures/1400/suzuki-cultus-limited-edition-2-2016-140084305.webp|https://cache1.pakwheels.com/ad_pictures/1400/suzuki-cultus-limited-edition-2-2016-140084306.webp|https://cache1.pakwheels.com/ad_pictures/1400/suzuki-cultus-limited-edition-2-2016-140084307.webp|https://cache1.pakwheels.com/ad_pictures/1400/suzuki-cultus-limited-edition-2-2016-140084308.webp|https://cache3.pakwheels.com/ad_pictures/1400/suzuki-cultus-limited-edition-2-2016-140084309.webp|https://wsa1.pakwheels.com/assets/pw-inspection-galary-pitch-157dcfce213be997440c2dfc44e3038774a6aca0e9097986b01ca6abc9fd76f2.png,9,9,
FAW V2  2020 VCT-i for Sale,https://www.pakwheels.com/used-cars/faw-v2-2020-for-sale-in-bahawalpur-11261555,11261555,PKR 24.5lacs,Bahawalpur,2020,"55,000 km",Petrol,1300 cc,Manual,Updated 3 minutes ago,Punjab,White,Local,1300 cc,Hatchback,"Mar 15, 2026",11261555,"Alloy Wheels, Front Fog Lights, Infotainment System, Front Speakers, ABS, Air Bags, Immobilizer Key, Power Locks, Power Seats, Power Mirrors, Keyless Entry, Power Steering, Air Conditioning",,"Member Since Aug 29, 2020",033XXXXXXXX,Added via Phone,https://cache4.pakwheels.com/ad_pictures/1400/faw-v2-vct-i-2020-140083976.webp|https://cache2.pakwheels.com/ad_pictures/1400/faw-v2-vct-i-2020-140083982.webp|https://cache1.pakwheels.com/ad_pictures/1400/faw-v2-vct-i-2020-140083970.webp|https://cache3.pakwheels.com/ad_pictures/1400/faw-v2-vct-i-2020-140083975.webp|https://cache3.pakwheels.com/ad_pictures/1400/faw-v2-vct-i-2020-140083966.webp|https://cache2.pakwheels.com/ad_pictures/1400/faw-v2-vct-i-2020-140083979.webp|https://cache4.pakwheels.com/ad_pictures/1400/faw-v2-vct-i-2020-140083973.webp|https://cache3.pakwheels.com/ad_pictures/1400/faw-v2-vct-i-2020-140083971.webp|https://cache2.pakwheels.com/ad_pictures/1400/faw-v2-vct-i-2020-140083987.webp|https://cache4.pakwheels.com/ad_pictures/1400/faw-v2-vct-i-2020-140083989.webp|https://cache3.pakwheels.com/ad_pictures/1400/faw-v2-vct-i-2020-140083984.webp|https://cache1.pakwheels.com/ad_pictures/1400/faw-v2-vct-i-2020-140083980.webp|https://cache2.pakwheels.com/ad_pictures/1400/faw-v2-vct-i-2020-140083991.webp|https://cache1.pakwheels.com/ad_pictures/1400/faw-v2-vct-i-2020-140083983.webp|https://cache4.pakwheels.com/ad_pictures/1400/faw-v2-vct-i-2020-140083988.webp|https://cache2.pakwheels.com/ad_pictures/1400/faw-v2-vct-i-2020-140083986.webp|https://cache2.pakwheels.com/ad_pictures/1400/faw-v2-vct-i-2020-140083990.webp|https://cache1.pakwheels.com/ad_pictures/1400/faw-v2-vct-i-2020-140083992.webp|https://cache1.pakwheels.com/ad_pictures/1400/faw-v2-vct-i-2020-140083994.webp|https://cache4.pakwheels.com/ad_pictures/1400/faw-v2-vct-i-2020-140083993.webp,20,20,
Toyota Corolla  2012 Altis SR Cruisetronic 1.6 for Sale,https://www.pakwheels.com/used-cars/toyota-corolla-2012-for-sale-in-lahore-11261539,11261539,PKR 32.5lacs,Lahore,2012,"98,000 km",Petrol,1600 cc,Automatic,Updated 3 minutes ago,Lahore,Celestial Black,Local,1600 cc,Sedan,"Mar 15, 2026",11261539,"Alloy Wheels, Front Fog Lights, Sun Roof, Infotainment System, Front Speakers, Rear Speakers, ABS, Air Bags, Immobilizer Key, Power Locks, Power Mirrors, Cruise Control, Keyless Entry, Power Steering, Air Conditioning",,"Member Since Jul 31, 2023",031XXXXXXXX,Added via Phone,https://cache1.pakwheels.com/ad_pictures/1400/toyota-corolla-1-6-cruisetronic-sr-2012-140083948.webp|https://cache2.pakwheels.com/ad_pictures/1400/toyota-corolla-1-6-cruisetronic-sr-2012-140083947.webp|https://cache2.pakwheels.com/ad_pictures/1400/toyota-corolla-1-6-cruisetronic-sr-2012-140083949.webp|https://cache3.pakwheels.com/ad_pictures/1400/toyota-corolla-1-6-cruisetronic-sr-2012-140083955.webp|https://cache4.pakwheels.com/ad_pictures/1400/toyota-corolla-1-6-cruisetronic-sr-2012-140083954.webp|https://cache4.pakwheels.com/ad_pictures/1400/toyota-corolla-1-6-cruisetronic-sr-2012-140083977.webp|https://cache4.pakwheels.com/ad_pictures/1400/toyota-corolla-1-6-cruisetronic-sr-2012-140083978.webp|https://wsa1.pakwheels.com/assets/pw-inspection-galary-pitch-157dcfce213be997440c2dfc44e3038774a6aca0e9097986b01ca6abc9fd76f2.png,8,8,
KIA Picanto  2022 1.0 AT for Sale,https://www.pakwheels.com/used-cars/kia-picanto-2022-for-sale-in-islamabad-11261558,11261558,PKR 29.2lacs,Islamabad,2022,1 km,Petrol,1000 cc,Automatic,Updated 4 minutes ago,Karachi,Mercury Blue,Local,1000 cc,Hatchback,"Mar 15, 2026",11261558,"DRLs, Infotainment System, Front Speakers, Rear Speakers, Steering Switches, ABS, Air Bags, Immobilizer Key, Power Locks, Power Mirrors, Climate Control, Keyless Entry, Power Steering, Air Conditioning",,"Member Since Sep 26, 2018",033XXXXXXXX,,https://cache1.pakwheels.com/ad_pictures/1400/kia-picanto-1-0-at-2022-140084281.webp|https://cache1.pakwheels.com/ad_pictures/1400/kia-picanto-1-0-at-2022-140084282.webp|https://cache2.pakwheels.com/ad_pictures/1400/kia-picanto-1-0-at-2022-140084283.webp|https://cache1.pakwheels.com/ad_pictures/1400/kia-picanto-1-0-at-2022-140084284.webp|https://cache1.pakwheels.com/ad_pictures/1400/kia-picanto-1-0-at-2022-140084285.webp|https://cache1.pakwheels.com/ad_pictures/1400/kia-picanto-1-0-at-2022-140084286.webp|https://cache2.pakwheels.com/ad_pictures/1400/kia-picanto-1-0-at-2022-140084287.webp|https://wsa1.pakwheels.com/assets/pw-inspection-galary-pitch-157dcfce213be997440c2dfc44e3038774a6aca0e9097986b01ca6abc9fd76f2.png,8,8,
Toyota Corolla  2017 Altis Grande CVT-i 1.8 for Sale,https://www.pakwheels.com/used-cars/toyota-corolla-2017-for-sale-in-lahore-11261557,11261557,PKR 49.2lacs,Lahore,2017,"137,500 km",Petrol,1800 cc,Automatic,Updated 4 minutes ago,Punjab,Super white,Local,1800 cc,Sedan,"Mar 15, 2026",11261557,"Alloy Wheels, Front Fog Lights, LED Headlights, Sun Roof, Infotainment System, Android Auto, Front Speakers, Rear Speakers, Steering Switches, Paddle Shifters, ABS, Air Bags, Traction Control, Front Camera, Rear Camera, Immobilizer Key, Power Locks, Power Mirrors, Climate Control, Cruise Control, Push Start, Keyless Entry, Power Steering, Air Conditioning",,"Member Since Oct 14, 2020",033XXXXXXXX,Added via Phone,https://cache3.pakwheels.com/ad_pictures/1400/toyota-corolla-altis-1-8-grande-automatic-2017-140084138.webp|https://cache2.pakwheels.com/ad_pictures/1400/toyota-corolla-altis-1-8-grande-automatic-2017-140084136.webp|https://cache4.pakwheels.com/ad_pictures/1400/toyota-corolla-altis-1-8-grande-automatic-2017-140084134.webp|https://cache2.pakwheels.com/ad_pictures/1400/toyota-corolla-altis-1-8-grande-automatic-2017-140084137.webp|https://cache1.pakwheels.com/ad_pictures/1400/toyota-corolla-altis-1-8-grande-automatic-2017-140084135.webp|https://cache1.pakwheels.com/ad_pictures/1400/toyota-corolla-altis-1-8-grande-automatic-2017-140084139.webp|https://cache1.pakwheels.com/ad_pictures/1400/toyota-corolla-altis-1-8-grande-automatic-2017-140084140.webp|https://cache4.pakwheels.com/ad_pictures/1400/toyota-corolla-altis-1-8-grande-automatic-2017-140084133.webp|https://cache4.pakwheels.com/ad_pictures/1400/toyota-corolla-altis-1-8-grande-automatic-2017-140084132.webp|https://cache3.pakwheels.com/ad_pictures/1400/toyota-corolla-altis-1-8-grande-automatic-2017-140084130.webp|https://cache1.pakwheels.com/ad_pictures/1400/toyota-corolla-altis-1-8-grande-automatic-2017-140084131.webp|https://wsa1.pakwheels.com/assets/pw-inspection-galary-pitch-157dcfce213be997440c2dfc44e3038774a6aca0e9097986b01ca6abc9fd76f2.png,12,12,
Deepal S05  2026 REEV Premium for Sale,https://www.pakwheels.com/used-cars/deepal-s05-2026-for-sale-in-karachi-11250151,11250151,PKR 1.14crore,Karachi,2026,100 km,REEV,1500 cc,Automatic,Updated 4 minutes ago,Un-Registered,White,Local,1500 cc,SUV,"Mar 15, 2026",11250151,"Alloy Wheels, Front Fog Lights, LED Headlights, DRLs, Panoramic Sunroof, Infotainment System, Head Up Display (HUD), Android Auto, Apple CarPlay, Front Speakers, Rear Speakers, Steering Switches, ABS, Air Bags, Traction Control, Tyre Pressure Monitoring System (TPMS), Parking Sensors, Front Camera, Rear Camera, 360 Camera, Immobilizer Key, Power Locks, Power Seats, Heated Seats, Ventilated Seats, Power Mirrors, Rear AC Vents, Climate Control, Cruise Control, Push Start, Keyless Entry, Power Steering, Air Conditioning",,"Member Since Aug 25, 2019",032XXXXXXXX,Added via Phone,https://cache1.pakwheels.com/ad_pictures/1400/deepal-s05-reev-premium-2026-140084220.webp|https://cache1.pakwheels.com/ad_pictures/1398/deepal-s05-reev-premium-2026-139899893.webp|https://cache3.pakwheels.com/ad_pictures/1398/deepal-s05-reev-premium-2026-139899892.webp|https://cache2.pakwheels.com/ad_pictures/1398/deepal-s05-reev-premium-2026-139899946.webp|https://cache3.pakwheels.com/ad_pictures/1398/deepal-s05-reev-premium-2026-139899942.webp,5,5,
Suzuki Every  2010 Join for Sale,https://www.pakwheels.com/used-cars/suzuki-every-2010-for-sale-in-lahore-11261552,11261552,PKR 15.75lacs,Lahore,2010,"100,000 km",Petrol,660 cc,Automatic,Updated 4 minutes ago,Lahore,Silky Silver Metallic,Imported,660 cc,Micro Van,"Mar 15, 2026",11261552,"Infotainment System, Front Speakers, Air Bags, Power Locks, Keyless Entry, Power Steering, Air Conditioning",,"Member Since May 13, 2024",032XXXXXXXX,,https://cache2.pakwheels.com/ad_pictures/1400/suzuki-every-join-2-2010-140084146.webp|https://cache3.pakwheels.com/ad_pictures/1400/suzuki-every-join-2-2010-140084147.webp|https://cache3.pakwheels.com/ad_pictures/1400/suzuki-every-join-2-2010-140084148.webp|https://cache2.pakwheels.com/ad_pictures/1400/suzuki-every-join-2-2010-140084149.webp|https://cache3.pakwheels.com/ad_pictures/1400/suzuki-every-join-2-2010-140084150.webp|https://cache2.pakwheels.com/ad_pictures/1400/suzuki-every-join-2-2010-140084151.webp|https://cache2.pakwheels.com/ad_pictures/1400/suzuki-every-join-2-2010-140084152.webp|https://cache1.pakwheels.com/ad_pictures/1400/suzuki-every-join-2-2010-140084153.webp|https://cache4.pakwheels.com/ad_pictures/1400/suzuki-every-join-2-2010-140084154.webp|https://cache3.pakwheels.com/ad_pictures/1400/suzuki-every-join-2-2010-140084155.webp|https://cache3.pakwheels.com/ad_pictures/1400/suzuki-every-join-2-2010-140084156.webp|https://cache4.pakwheels.com/ad_pictures/1400/suzuki-every-join-2-2010-140084157.webp|https://cache2.pakwheels.com/ad_pictures/1400/suzuki-every-join-2-2010-140084158.webp|https://cache4.pakwheels.com/ad_pictures/1400/suzuki-every-join-2-2010-140084159.webp|https://wsa1.pakwheels.com/assets/pw-inspection-galary-pitch-157dcfce213be997440c2dfc44e3038774a6aca0e9097986b01ca6abc9fd76f2.png,15,15,
Daihatsu Cuore  2011 CX Eco for Sale,https://www.pakwheels.com/used-cars/daihatsu-cuore-2011-for-sale-in-hyderabad-11261551,11261551,PKR 15lacs,Hyderabad,2011,"100,000 km",Petrol,800 cc,Automatic,Updated 5 minutes ago,Sindh,Silver,Local,800 cc,Hatchback,"Mar 15, 2026",11261551,Air Conditioning,,,030XXXXXXXX,,https://cache1.pakwheels.com/ad_pictures/1400/daihatsu-cuore-coure-cx-2011-140084249.webp|https://cache1.pakwheels.com/ad_pictures/1400/daihatsu-cuore-coure-cx-2011-140084252.webp|https://cache3.pakwheels.com/ad_pictures/1400/daihatsu-cuore-coure-cx-2011-140084253.webp|https://cache2.pakwheels.com/ad_pictures/1400/daihatsu-cuore-coure-cx-2011-140084254.webp|https://cache1.pakwheels.com/ad_pictures/1400/daihatsu-cuore-coure-cx-2011-140084258.webp|https://wsa1.pakwheels.com/assets/pw-inspection-galary-pitch-157dcfce213be997440c2dfc44e3038774a6aca0e9097986b01ca6abc9fd76f2.png,6,6,
Honda City 6th Generation 2025 1.5L ASPIRE CVT for Sale9.7/10,https://www.pakwheels.com/used-cars/honda-city-2025-for-sale-in-islamabad-11208041,11208041,PKR 60.9lacs,Islamabad,2025,"8,462 km",Petrol,1500 cc,Automatic,Updated 5 minutes ago,Islamabad,Taffeta White,Local,1500 cc,Compact sedan,"Mar 15, 2026",11208041,"Alloy Wheels, Front Fog Lights, DRLs, Infotainment System, Android Auto, Front Speakers, Rear Speakers, Steering Switches, ABS, Air Bags, Rear Camera, Immobilizer Key, Power Locks, Power Mirrors, Rear AC Vents, Climate Control, Cruise Control, Push Start, Keyless Entry, Power Steering, Air Conditioning",,,042XXXXXXXX,,https://cache3.pakwheels.com/ad_pictures/1392/honda-city-1-5l-cvt-2025-139225073.webp|https://cache3.pakwheels.com/ad_pictures/1392/honda-city-1-5l-cvt-2025-139225074.webp|https://cache4.pakwheels.com/ad_pictures/1392/honda-city-1-5l-cvt-2025-139225078.webp|https://cache1.pakwheels.com/ad_pictures/1392/honda-city-1-5l-cvt-2025-139225075.webp|https://cache4.pakwheels.com/ad_pictures/1392/honda-city-1-5l-cvt-2025-139225077.webp|https://cache2.pakwheels.com/ad_pictures/1392/honda-city-1-5l-cvt-2025-139225076.webp|https://cache3.pakwheels.com/ad_pictures/1392/honda-city-1-5l-cvt-2025-139225084.webp|https://cache2.pakwheels.com/ad_pictures/1392/honda-city-1-5l-cvt-2025-139225080.webp|https://cache3.pakwheels.com/ad_pictures/1392/honda-city-1-5l-cvt-2025-139225079.webp|https://cache2.pakwheels.com/ad_pictures/1392/honda-city-1-5l-cvt-2025-139225081.webp|https://cache4.pakwheels.com/ad_pictures/1392/honda-city-1-5l-cvt-2025-139225082.webp|https://cache1.pakwheels.com/ad_pictures/1392/honda-city-1-5l-cvt-2025-139225083.webp|https://cache3.pakwheels.com/ad_pictures/1392/honda-city-1-5l-cvt-2025-139225085.webp|https://cache1.pakwheels.com/ad_pictures/1392/honda-city-1-5l-cvt-2025-139225086.webp,14,14,
Mazda 323  1986  for Sale,https://www.pakwheels.com/used-cars/mazda-323-1986-for-sale-in-lahore-11261544,11261544,PKR 5.5lacs,Lahore,1986,1 km,Petrol,1500 cc,Manual,Updated 6 minutes ago,Sindh,Blue,Local,1500 cc,N/A,"Mar 15, 2026",11261544,,,"Member Since Oct 04, 2024",032XXXXXXXX,,https://cache1.pakwheels.com/ad_pictures/1400/mazda-323-1986-140083937.webp|https://cache4.pakwheels.com/ad_pictures/1400/mazda-323-1986-140083938.webp|https://cache1.pakwheels.com/ad_pictures/1400/mazda-323-1986-140083939.webp|https://cache3.pakwheels.com/ad_pictures/1400/mazda-323-1986-140083940.webp|https://cache2.pakwheels.com/ad_pictures/1400/mazda-323-1986-140083941.webp|https://cache3.pakwheels.com/ad_pictures/1400/mazda-323-1986-140083942.webp|https://cache4.pakwheels.com/ad_pictures/1400/mazda-323-1986-140083943.webp|https://cache3.pakwheels.com/ad_pictures/1400/mazda-323-1986-140083944.webp|https://cache1.pakwheels.com/ad_pictures/1400/mazda-323-1986-140083945.webp|https://cache3.pakwheels.com/ad_pictures/1400/mazda-323-1986-140083946.webp|https://wsa1.pakwheels.com/assets/pw-inspection-galary-pitch-157dcfce213be997440c2dfc44e3038774a6aca0e9097986b01ca6abc9fd76f2.png,11,10,
Toyota Corolla Axio  2007 G for Sale,https://www.pakwheels.com/used-cars/toyota-corolla-axio-2007-for-sale-in-islamabad-11261537,11261537,PKR 33.9lacs,Islamabad,2007,"164,000 km",Petrol,1500 cc,Automatic,Updated 7 minutes ago,Islamabad,White,Imported,1500 cc,Sedan,"Mar 15, 2026",11261537,"Infotainment System, Steering Switches, ABS, Air Bags, Rear Camera, Power Locks, Power Mirrors, Climate Control, Push Start, Keyless Entry, Power Steering, Air Conditioning",,"Member Since Feb 14, 2026",034XXXXXXXX,Added via Phone,https://cache2.pakwheels.com/ad_pictures/1400/toyota-corolla-axio-1-5-g-2007-140083757.webp|https://cache4.pakwheels.com/ad_pictures/1400/toyota-corolla-axio-1-5-g-2007-140083751.webp|https://cache1.pakwheels.com/ad_pictures/1400/toyota-corolla-axio-1-5-g-2007-140083753.webp|https://cache1.pakwheels.com/ad_pictures/1400/toyota-corolla-axio-1-5-g-2007-140083746.webp|https://cache3.pakwheels.com/ad_pictures/1400/toyota-corolla-axio-1-5-g-2007-140083745.webp|https://cache2.pakwheels.com/ad_pictures/1400/toyota-corolla-axio-1-5-g-2007-140083759.webp|https://cache2.pakwheels.com/ad_pictures/1400/toyota-corolla-axio-1-5-g-2007-140083752.webp|https://cache4.pakwheels.com/ad_pictures/1400/toyota-corolla-axio-1-5-g-2007-140083750.webp|https://cache1.pakwheels.com/ad_pictures/1400/toyota-corolla-axio-1-5-g-2007-140083770.webp|https://cache3.pakwheels.com/ad_pictures/1400/toyota-corolla-axio-1-5-g-2007-140083773.webp|https://cache1.pakwheels.com/ad_pictures/1400/toyota-corolla-axio-1-5-g-2007-140083778.webp|https://cache1.pakwheels.com/ad_pictures/1400/toyota-corolla-axio-1-5-g-2007-140083803.webp|https://cache1.pakwheels.com/ad_pictures/1400/toyota-corolla-axio-1-5-g-2007-140083774.webp|https://cache1.pakwheels.com/ad_pictures/1400/toyota-corolla-axio-1-5-g-2007-140083776.webp|https://cache3.pakwheels.com/ad_pictures/1400/toyota-corolla-axio-1-5-g-2007-140083802.webp|https://cache1.pakwheels.com/ad_pictures/1400/toyota-corolla-axio-1-5-g-2007-140083800.webp|https://cache3.pakwheels.com/ad_pictures/1400/toyota-corolla-axio-1-5-g-2007-140083798.webp|https://cache1.pakwheels.com/ad_pictures/1400/toyota-corolla-axio-1-5-g-2007-140083805.webp|https://cache1.pakwheels.com/ad_pictures/1400/toyota-corolla-axio-1-5-g-2007-140083806.webp|https://cache1.pakwheels.com/ad_pictures/1400/toyota-corolla-axio-1-5-g-2007-140083789.webp|https://wsa1.pakwheels.com/assets/pw-inspection-galary-pitch-157dcfce213be997440c2dfc44e3038774a6aca0e9097986b01ca6abc9fd76f2.png,21,21,
